{
  "Get aws/sts" : {
    "transaction" : "Get aws/sts",
    "sampleCount" : 2100,
    "errorCount" : 0,
    "errorPct" : 0.0,
    "meanResTime" : 251.6076190476192,
    "medianResTime" : 231.0,
    "minResTime" : 178.0,
    "maxResTime" : 6482.0,
    "pct1ResTime" : 274.0,
    "pct2ResTime" : 322.9499999999998,
    "pct3ResTime" : 631.9199999999983,
    "throughput" : 4.603647842862154,
    "receivedKBytesPerSec" : 5.107171825675201,
    "sentKBytesPerSec" : 1.7982999386180287
  },
  "Get Phos" : {
    "transaction" : "Get Phos",
    "sampleCount" : 2100,
    "errorCount" : 0,
    "errorPct" : 0.0,
    "meanResTime" : 647.8480952380953,
    "medianResTime" : 571.0,
    "minResTime" : 513.0,
    "maxResTime" : 8079.0,
    "pct1ResTime" : 865.8000000000002,
    "pct2ResTime" : 1022.5999999999985,
    "pct3ResTime" : 1310.9799999999996,
    "throughput" : 4.599795856679123,
    "receivedKBytesPerSec" : 29.705517578338906,
    "sentKBytesPerSec" : 2.2370100943615268
  },
  "Total" : {
    "transaction" : "Total",
    "sampleCount" : 8400,
    "errorCount" : 0,
    "errorPct" : 0.0,
    "meanResTime" : 374.35369047619076,
    "medianResTime" : 349.0,
    "minResTime" : 138.0,
    "maxResTime" : 11508.0,
    "pct1ResTime" : 613.0,
    "pct2ResTime" : 735.0,
    "pct3ResTime" : 1121.9899999999998,
    "throughput" : 18.297265212324515,
    "receivedKBytesPerSec" : 40.54345192066829,
    "sentKBytesPerSec" : 8.42049436651165
  },
  "Get Covid Exposure site" : {
    "transaction" : "Get Covid Exposure site",
    "sampleCount" : 2100,
    "errorCount" : 0,
    "errorPct" : 0.0,
    "meanResTime" : 169.45666666666642,
    "medianResTime" : 159.5,
    "minResTime" : 138.0,
    "maxResTime" : 726.0,
    "pct1ResTime" : 191.9000000000001,
    "pct2ResTime" : 212.0,
    "pct3ResTime" : 412.96999999999935,
    "throughput" : 4.602931409746379,
    "receivedKBytesPerSec" : 4.7602581669154445,
    "sentKBytesPerSec" : 2.319445905692511
  },
  "Login  Request" : {
    "transaction" : "Login  Request",
    "sampleCount" : 2100,
    "errorCount" : 0,
    "errorPct" : 0.0,
    "meanResTime" : 428.50238095238046,
    "medianResTime" : 392.0,
    "minResTime" : 312.0,
    "maxResTime" : 11508.0,
    "pct1ResTime" : 456.9000000000001,
    "pct2ResTime" : 503.9499999999998,
    "pct3ResTime" : 945.6899999999932,
    "throughput" : 4.5835315892631865,
    "receivedKBytesPerSec" : 1.1995961581274746,
    "sentKBytesPerSec" : 2.1082454868583604
  }
}